Title,Text
From the pier,"If you find this, I hope the sea was kind to it. I threw it off the pier on my tenth birthday. I wished for a dog. / - M."
Nan's chowder,"Two potatoes, one onion, whatever the boats bring in. Cream at the end, never the start. Don't tell your uncle it's the tinned sweetcorn."
The keeper's log,"Light lit at dusk. Fog by nine. Heard the bell again, though we took it down in the spring. Logged it anyway."
An apology,"I shouldn't have said it. You were right about the boat, and about me. If this washes up at your feet, come home. / - J."
Tide times,"High water 6:12. Low water 12:40. Bring the good bucket, not the one with the hole. I'll be at the rocks past the slipway."
My homework,Miss said write a letter to someone far away. You are the furthest away person I could think of. Hello. I like crabs. / - Class 3
Wish you were here,The weather is awful and the chips are cold and I have never been happier. Wish you were here. No I don't. Yes I do.
A scrap of map,"Three paces from the leaning post. Under the flat stone. If the gulls have had it, it was never meant to be found."
Shopping list,"Bread. Milk. Rope (long). Tar. A new hat, because the sea has the old one. Biscuits for the dog."
Our first boat,"She leaks and she lists to port and we love her. We named her after your mother, which your mother says is not the compliment we think it is."
From the lamp room,Two hundred and twelve steps. I count them every night. Some nights there are two hundred and thirteen.
A promise,"When I come back I will fix the gate, paint the shed, and stop leaving my boots in the hall. One of those, anyway. / - Your Dad"
Left on the ferry,To whoever finds my umbrella: keep it. It never liked me. It always turned inside out on purpose.
Counting stars,"Clear night off the point. I counted until I lost count, then started again. The sea did the same with the waves."
Advice,Never whistle on deck. Never trust a calm morning. Always thank the sea for what it gives back. Mostly it gives back socks.
"Goodbye, old harbour","We're moving inland. I wanted the sea to have something of mine before we go. So here it is: this letter, and a bit of my heart. / - R."
