Set,Found in,Completion bonus,Curios,Fish
Seaside Holiday,Shoal Bay,payout +5%,Faded Postcard; Souvenir Snow Globe; Tin Toy Boat; Seashell Ashtray; Child's Tin Spade,Mackerel; Flounder; Sand Eel
Harbour History,Shoal Bay,time +5%,Brass Compass; Pocket Watch; Captain's Spyglass; Harbour Tavern Jug; Naval Uniform Button,Sea Bass; Pollock; Ling
Lost Jewellery,Shoal Bay,curio +10%,Silver Ring; Pearl Earring; Charm Bracelet; Cameo Brooch; Emerald Pendant,Jewel Goby; Silver Bream; Pearlside
Childhood Treasures,Shoal Bay,luck +5%,Glass Marble; Tin Soldier; Die-Cast Toy Car; Wooden Yo-Yo; Paper Kite,Blowfish; Tiddler; Stickleback
Cute Things,The Coral Gardens,forgive +20%,Little Plush Whale; Kitten Keyring; Bunny Slipper; Sticker Album; Teacup Pig Figurine,Button Pufferling; Blushing Clownfish; Snuggle Sole
Sweet Shop,The Coral Gardens,+15% sorted plastic,Everlasting Gobstopper; Travel Sweets Tin; Giant Swirl Lollipop; Wedding Cake Topper; Gingerbread Mould,Candy-Stripe Wrasse; Rock Candy Rockfish; Toffee Grouper
Wonderwater,The Coral Gardens,rarity +10%,White Rabbit's Watch; DRINK ME Bottle; Hatter's Teacup; Painted Playing Card; Floating Grin,Cheshire Catfish; Looking-Glass Carp; Queen of Hearts Koi
90's Tech,The Wreck Field,+15% sorted electronics,Pager; Pocket Pet; Mixtape Cassette; Game Cartridge; Flip Phone,Dial-Up Eel; Pixel Tetra; Floppy Flatfish
Blocky Bits,The Wreck Field,time +3%,Pixel Sword; Tiny Green Figure; Perfect Grass Cube; Pickaxe Keyring; Tiny Workbench Model,Boxfish; Square Cod; Voxel Salmon
Steampunk,The Wreck Field,+15% sorted metal,Brass Goggles; Clockwork Bird; Pressure Gauge; Gear Cufflinks; Airship Ticket,Brass Barracuda; Cogfish; Steam Eel
The Deep Ones,The Black Rocks,magic +50%,Squamous Idol; Tentacle Ring; Coin From Nowhere; Glistening Scale; Mad Sailor's Journal,Coelacanth; Many-Eyed Barreleye; Fangtooth
Dark Fantasy,The Black Rocks,curio +10%,Cursed Iron Crown; Bone Dagger; Soul Lantern; Forbidden Tome; Obsidian Ring,Cursed Anglerfish; Shadow Pike; Bone Eel
Giants & Monsters,The Black Rocks,+1 basket slot,Giant's Button; Troll Tooth; Kraken Sucker; Cyclops' Monocle; Giant's Thimble,Oarfish; Leviathan Fry; Megamouth
High Fantasy,The Lighthouse,luck +5%,Leaf Brooch; Dragon Scale; Wizard's Hat Brim; Glowing Flask; Rune Stone,Mithril Minnow; Dragonet; Elven Salmon
Tabletop,The Lighthouse,extraItem +10%,Lucky D20; Painted Miniature; Character Sheet; Folding GM Screen; Velvet Dice Bag,Dice Snapper; Goblin Shark; Mimic Fish
Hedge Witch,The Lighthouse,doubleScrub +15%,Tarot Card; Quartz Point; Dried Herb Bundle; Moon Water Jar; Tiny Besom Broom,Moonfish; Hagfish; Newt-Tailed Loach
Carnival,The Sunken Carnival,crate +50%,Roll of Ride Tickets; Carousel Horse Head; Rubber Clown Nose; Fortune Machine Card; Prize Goldfish Bag,Prize Goldfish; Juggler Jack; Candy-Floss Angelfish
Superheroes,The Sunken Carnival,streakCap +25%,Tattered Cape; First-Issue Comic; Domino Mask; Hero Lunchbox; Action Figure,Flying Fish; Mighty Marlin; Sidekick Sprat
Full Breakfast,The Sunken Carnival,townPrice +5%,Chicken Egg Cup; Silver Toast Rack; Brown Betty Teapot; Honey Dipper; Cereal Box Prize,Kipper; Haddock; Sunny-Side Sunfish
Film Noir,The Night Ferry,letters +25%,Rain-Soaked Fedora; Nightclub Matchbook; Detective's Badge; Typewriter Key; Red Lipstick,Moody Blackfish; Femme Fatale Lionfish; Gumshoe Grouper
Vampire's Keep,The Night Ferry,+15% sorted glass,Silver Letter-Opener; Bat-Wing Cape Clasp; Crystal Vial; Coffin Music Box; Mirror With No Reflection,Vampire Fish; Bloodfin Tetra; Nightcrawler Gar
Cyberpunk,The Night Ferry,streakStep +1%,Neon Data Chip; Chrome Finger; VR Visor; Keycard; Tiny Neon Sign,Neon Lanternfish; Chrome Pike; Glitch Guppy
Amazon River,The River Delta,kindness +100%,Explorer's Pith Helmet; Tributary Map; Carved Frog Charm; Macaw Feather; Piranha-Tooth Necklace,Piranha; Arapaima; Neon Tetra
Cottagecore,The River Delta,+15% sorted wood,Pressed Flower Frame; Wicker Picnic Basket; Hand-Lettered Jam Label; Silver Thimble; Tin Watering Can,Brook Trout; Meadow Char; Primrose Perch
Seaside Barbecue,The River Delta,fish +10%,Bent Grill Tongs; Kiss the Cook Apron; Secret Sauce Bottle; Kebab Skewer Set; Chili Cook-Off Trophy,Sardine; Grill-Mark Snapper; Spicy Red Mullet
Trash Treasures,The Tip,payout +5%,Lucky Ring-Pull; Bottle-Cap Crown; Tin-Can Telephone; Trolley Token; Junk-Drawer Robot,Tin-Can Blenny; Bin-Lid Plaice; Wrapper Wrasse
Zombie Apocalypse,The Tip,+15% sorted hazardous,Emergency Radio; Nail-Studded Bat; Quarantine Map; Tinned Peaches; Rubber Zombie Hand,Rotting Rattail; Undead Eel; Zombie Carp
The New Flesh,The Tip,+15% sorted mixed,Breathing VHS Tape; Beetle Typewriter; Telepod Hatch; Gristle Pistol; Fleshy Game Pod,Blobfish; Fused Twin Eel; Mutant Mudskipper
Party Favours,Party only,payout +5%,Paper Crown; Spent Party Popper; Friendship Bracelet; Shared Thermos; Waterlogged Group Photo,
Guild Keepsakes,Guild party only,luck +5%,Embroidered Pennant; Guild Signet Ring; Oar With Two Names; Soggy Guild Charter; Meeting-Hall Lantern,
