Name,Set,Base coins,Sorts into,Description
Faded Postcard,Seaside Holiday,12,Mixed,"""Greetings from Shoal Bay!"" The ink has run into watercolour."
Souvenir Snow Globe,Seaside Holiday,15,Glass,A tiny lighthouse under glass. Shake it and the snow is sand.
Tin Toy Boat,Seaside Holiday,14,Metal,"Wind-up, with a little key. It still wants to float."
Seashell Ashtray,Seaside Holiday,12,Mixed,"A scallop shell with ""A Present From The Seaside"" painted on."
Child's Tin Spade,Seaside Holiday,13,Metal,"Red paint, flaking. Built a hundred sandcastles once."
Brass Compass,Harbour History,20,Metal,"The needle still swings, though never quite to north."
Pocket Watch,Harbour History,22,Metal,Stopped at 4:17. An inscription inside is worn away.
Captain's Spyglass,Harbour History,24,Metal,Leather-wrapped brass. The lens is cracked but clear.
Harbour Tavern Jug,Harbour History,18,Mixed,"Stoneware, stamped with the mark of a pub that closed long ago."
Naval Uniform Button,Harbour History,16,Metal,"An anchor and rope, pressed into tarnished brass."
Silver Ring,Lost Jewellery,25,Metal,A plain band. Someone looked for this for a long time.
Pearl Earring,Lost Jewellery,28,Mixed,A single drop pearl on a bent hook. Its twin is still out there.
Charm Bracelet,Lost Jewellery,26,Metal,"A horseshoe, a tiny shell, a star. One link is missing."
Cameo Brooch,Lost Jewellery,30,Mixed,A carved profile of a woman looking out to sea.
Emerald Pendant,Lost Jewellery,32,Glass,Green glass or real emerald? Hard to say. Lovely either way.
Glass Marble,Childhood Treasures,10,Glass,"A green cat's-eye, the kind that won playground wars."
Tin Soldier,Childhood Treasures,14,Metal,"Standing to attention, even after all this time underwater."
Die-Cast Toy Car,Childhood Treasures,15,Metal,A little red roadster. The wheels still spin.
Wooden Yo-Yo,Childhood Treasures,11,Wood,"The string is long gone, but it still fits your hand."
Paper Kite,Childhood Treasures,12,Mixed,Somehow still in one piece. A tail of faded ribbons.
Little Plush Whale,Cute Things,20,Mixed,"Soft, soggy and smiling. Someone will miss this very much."
Kitten Keyring,Cute Things,18,Plastic,A tiny cat with a bell collar. The bell still jingles.
Bunny Slipper,Cute Things,17,Mixed,One fluffy slipper with floppy ears. Left foot. Of course.
Sticker Album,Cute Things,24,Mixed,Scratch-and-sniff stickers. Most still smell of strawberries.
Teacup Pig Figurine,Cute Things,21,Mixed,A porcelain piglet sitting in a teacup. Unbearably lovely.
Everlasting Gobstopper,Sweet Shop,19,Mixed,"Still hard as a pebble, still layered in colours. Everlasting indeed."
Travel Sweets Tin,Sweet Shop,18,Metal,Dusted with icing sugar and sea salt. One last sweet rattles inside.
Giant Swirl Lollipop,Sweet Shop,16,Mixed,"Bigger than your hand, sealed in cellophane, unbothered by the sea."
Wedding Cake Topper,Sweet Shop,26,Mixed,Two little sugar figures holding hands. One has lost her head.
Gingerbread Mould,Sweet Shop,21,Wood,A carved wooden mould shaped like a little man. Faintly spicy.
White Rabbit's Watch,Wonderwater,23,Metal,Running late. It has always been running late.
DRINK ME Bottle,Wonderwater,20,Glass,The label's instruction is very clear. Maybe don't.
Hatter's Teacup,Wonderwater,18,Mixed,Six o'clock forever. The tea is sea water now.
Painted Playing Card,Wonderwater,17,Mixed,"The Two of Hearts, painted red over white. Hastily."
Floating Grin,Wonderwater,24,Mixed,"Just a smile, carved in pearl. The rest of it left earlier."
Pager,90's Tech,19,Electronics,"One last message on the screen: 07734. Upside down, it says hello."
Pocket Pet,90's Tech,20,Electronics,An egg-shaped keyring pet. It passed away in 1998. It's okay now.
Mixtape Cassette,90's Tech,18,Plastic,Side A: songs for the beach. Side B: songs for after.
Game Cartridge,90's Tech,21,Electronics,Blow on the contacts. Blow on them again. Still won't load.
Flip Phone,90's Tech,22,Electronics,Snaps shut with the most satisfying click ever made.
Pixel Sword,Blocky Bits,23,Plastic,"A foam sword, square in every way. Suspiciously familiar."
Tiny Green Figure,Blocky Bits,22,Plastic,A little green blocky figurine. It looks... tense.
Perfect Grass Cube,Blocky Bits,17,Mixed,"Exactly one metre on each side, if you squint. Very tidy dirt."
Pickaxe Keyring,Blocky Bits,20,Plastic,"Pale blue pickaxe, tiny chain. The shine is paint."
Tiny Workbench Model,Blocky Bits,18,Wood,A tabletop workbench with a grid painted on top. Satisfying.
Brass Goggles,Steampunk,20,Metal,"Tinted lenses, brass rims, a strap that has seen things."
Clockwork Bird,Steampunk,23,Metal,"Wind it and it sings three notes, then sulks."
Pressure Gauge,Steampunk,19,Metal,The needle's pinned past the red line. Everything's fine.
Gear Cufflinks,Steampunk,18,Metal,Tiny cogs that actually turn against each other.
Airship Ticket,Steampunk,20,Mixed,"First class, to a city that isn't on any map."
Squamous Idol,The Deep Ones,22,Mixed,A crouched figure with too many... no. Don't count them.
Tentacle Ring,The Deep Ones,19,Metal,A gold ring shaped like a curling tentacle. It's warm.
Coin From Nowhere,The Deep Ones,20,Metal,Minted in a city that sank before cities existed.
Glistening Scale,The Deep Ones,18,Mixed,Too large for any fish. Smells like the bottom of everything.
Mad Sailor's Journal,The Deep Ones,21,Mixed,"The last pages are one word, over and over."
Cursed Iron Crown,Dark Fantasy,21,Metal,"Heavy, cold, and it whispers promises. Politely decline."
Bone Dagger,Dark Fantasy,19,Mixed,Carved from something big. You don't want to know what.
Soul Lantern,Dark Fantasy,20,Metal,Burns blue with no fuel. Occasionally sighs.
Forbidden Tome,Dark Fantasy,22,Mixed,Bound in black leather. The pages stay blank until dark.
Obsidian Ring,Dark Fantasy,18,Glass,"Glassy black, perfectly round, humming very quietly."
Giant's Button,Giants & Monsters,20,Plastic,A coat button the size of a dinner plate.
Troll Tooth,Giants & Monsters,18,Mixed,A molar as big as your fist. It's had a lot of dentistry.
Kraken Sucker,Giants & Monsters,21,Mixed,A ring of rubbery flesh the size of a tyre. Still a bit grippy.
Cyclops' Monocle,Giants & Monsters,22,Glass,"A lens as wide as a cartwheel, on a chain like an anchor's."
Giant's Thimble,Giants & Monsters,19,Metal,Big enough to bathe in. Someone probably has.
Leaf Brooch,High Fantasy,20,Metal,Silver leaf veins that rustle in a breeze that isn't there.
Dragon Scale,High Fantasy,23,Mixed,Iridescent and warm. Definitely a very large fish. Definitely.
Wizard's Hat Brim,High Fantasy,18,Mixed,"Starry felt, fraying at the edges. The point has gone missing."
Glowing Flask,High Fantasy,21,Hazardous,"Faintly glowing, stoppered with wax. Don't shake it."
Rune Stone,High Fantasy,19,Mixed,"A smooth stone carved with a rune that means, apparently, ""stone""."
Lucky D20,Tabletop,24,Plastic,Rolls a natural 20 every time you're not playing.
Painted Miniature,Tabletop,21,Metal,"A tiny pewter wizard, lovingly painted. Two coats on the robes."
Character Sheet,Tabletop,17,Mixed,Level 12 halfling bard. Twelve pages of backstory. Eraser marks.
Folding GM Screen,Tabletop,20,Mixed,"Tables of numbers on one side, secrets on the other."
Velvet Dice Bag,Tabletop,18,Mixed,"Drawstring, purple velvet, heavier than it should be."
Tarot Card,Hedge Witch,21,Mixed,"The Star. Hope, renewal, and a very wet edge."
Quartz Point,Hedge Witch,20,Glass,Clear and cool. Hold it to the light and it holds a rainbow.
Dried Herb Bundle,Hedge Witch,19,Mixed,"Lavender, rosemary, sage. Still smells like somebody's kitchen."
Moon Water Jar,Hedge Witch,21,Glass,"Charged under a full moon, the label says. Sealed with wax."
Tiny Besom Broom,Hedge Witch,19,Wood,A broom the length of your finger. Hung by the door for luck.
Roll of Ride Tickets,Carnival,17,Mixed,"ADMIT ONE, ADMIT ONE, ADMIT ONE... a whole soggy roll."
Carousel Horse Head,Carnival,27,Wood,"Painted wood, gold mane, one glass eye. Still mid-gallop."
Rubber Clown Nose,Carnival,15,Plastic,Honk it. Go on. (It doesn't honk any more.)
Fortune Machine Card,Carnival,22,Mixed,"""You will find what you were not looking for."" Well, yes."
Prize Goldfish Bag,Carnival,20,Plastic,Empty. The goldfish made a break for it long ago. Good for him.
Tattered Cape,Superheroes,21,Mixed,"Red, dramatic, far too long to be practical."
First-Issue Comic,Superheroes,23,Mixed,"Laminated, luckily. Issue #1 of something nobody remembers."
Domino Mask,Superheroes,17,Plastic,"Keeps a secret identity perfectly, as long as nobody looks."
Hero Lunchbox,Superheroes,19,Metal,"Tin, with a caped hero punching a robot. Thermos missing."
Action Figure,Superheroes,20,Plastic,"Bendy knees, one arm missing, heroic pose intact."
Chicken Egg Cup,Full Breakfast,18,Mixed,A ceramic hen with room for one boiled egg. It looks disappointed.
Silver Toast Rack,Full Breakfast,24,Metal,"Five slots for toast, all empty. Hotel silver, by the stamp."
Brown Betty Teapot,Full Breakfast,22,Mixed,"Chipped spout, perfect pour. Every seaside cafe had one."
Honey Dipper,Full Breakfast,17,Wood,Grooved wood for honey. The sea has not made it any less sticky.
Cereal Box Prize,Full Breakfast,19,Plastic,A tiny plastic diver. Put it in water and it sinks... then rises.
Rain-Soaked Fedora,Film Noir,21,Mixed,Brim pulled low. It's seen a lot of rain and a lot of lies.
Nightclub Matchbook,Film Noir,18,Hazardous,"""The Blue Lagoon, Pier 9."" A phone number inside, half smudged."
Detective's Badge,Film Noir,23,Metal,"Tarnished. The name has been scratched off, deliberately."
Typewriter Key,Film Noir,18,Metal,The letter M. Every case has a letter M in it somewhere.
Red Lipstick,Film Noir,20,Plastic,A tube of red lipstick. Someone was very sure of themselves.
Silver Letter-Opener,Vampire's Keep,18,Metal,"Silver, sharp, and suspiciously stake-shaped."
Bat-Wing Cape Clasp,Vampire's Keep,20,Metal,Two tiny bat wings in black enamel. Very dramatic.
Crystal Vial,Vampire's Keep,19,Glass,"A cut-glass vial, red inside. Definitely wine. Probably wine."
Coffin Music Box,Vampire's Keep,21,Wood,"Opens with a creak. Plays a waltz, very slowly."
Mirror With No Reflection,Vampire's Keep,22,Glass,Perfectly clean. You're just... not in it.
Neon Data Chip,Cyberpunk,20,Electronics,It glows pink when you hold it. Nobody knows what's on it.
Chrome Finger,Cyberpunk,19,Metal,A single jointed metal finger. Points accusingly.
VR Visor,Cyberpunk,22,Electronics,"Put it on and the sea turns into a grid. Take it off, quickly."
Keycard,Cyberpunk,18,Electronics,Access Level: ALL. The corporation would like it back.
Tiny Neon Sign,Cyberpunk,21,Electronics,Says OPEN in flickering pink. It's never been more wrong.
Explorer's Pith Helmet,Amazon River,22,Mixed,Cork and canvas. It has seen further rivers than this one.
Tributary Map,Amazon River,23,Mixed,"Hand-drawn rivers, with one bend circled three times."
Carved Frog Charm,Amazon River,18,Mixed,"Green stone, polished smooth. Its eyes follow you, pleasantly."
Macaw Feather,Amazon River,17,Mixed,"Scarlet and blue, longer than your forearm."
Piranha-Tooth Necklace,Amazon River,20,Mixed,"A string of tiny, very sharp teeth. Worn for courage."
Pressed Flower Frame,Cottagecore,19,Mixed,"Violets and daisies under glass, still holding their colour."
Wicker Picnic Basket,Cottagecore,21,Wood,"Gingham lining, one plate left inside. A very damp picnic."
Hand-Lettered Jam Label,Cottagecore,18,Mixed,"""Bramble, August."" In lovely looping handwriting."
Silver Thimble,Cottagecore,19,Metal,"Dimpled silver, just big enough for a fingertip."
Tin Watering Can,Cottagecore,23,Metal,"A little rose-headed can. Ironically, it's full."
Bent Grill Tongs,Seaside Barbecue,17,Metal,Scorched at the tips. They've turned a thousand sausages.
Kiss the Cook Apron,Seaside Barbecue,19,Mixed,"Stained, faded, and still making the same terrible joke."
Secret Sauce Bottle,Seaside Barbecue,22,Glass,"The label just says SECRET. The contents are, too."
Kebab Skewer Set,Seaside Barbecue,16,Metal,"A bundle of long steel skewers, tied with twine."
Chili Cook-Off Trophy,Seaside Barbecue,26,Metal,"""2nd Place, Shoal Bay Chili Cook-Off."" Still bitter about it."
Lucky Ring-Pull,Trash Treasures,18,Metal,A ring-pull someone clearly wore as a ring. Bent to fit a finger.
Bottle-Cap Crown,Trash Treasures,22,Metal,Bottle caps hammered into a crown. Fit for the king of the tip.
Tin-Can Telephone,Trash Treasures,19,Metal,"Two cans and a long, soggy string. Somebody was listening once."
Trolley Token,Trash Treasures,17,Plastic,A plastic coin for a shopping trolley. Weirdly treasured.
Junk-Drawer Robot,Trash Treasures,24,Mixed,"Batteries, bolts and a doll's eye. Handmade, and proud of it."
Emergency Radio,Zombie Apocalypse,22,Electronics,"Hand-crank. Static, static, then something that might be a voice."
Nail-Studded Bat,Zombie Apocalypse,20,Mixed,Well used. Signed by an entire neighbourhood watch.
Quarantine Map,Zombie Apocalypse,21,Mixed,"Red zones, safe zones, and one very underlined supermarket."
Tinned Peaches,Zombie Apocalypse,18,Metal,Survival rations. Still sealed. Best before: the end of the world.
Rubber Zombie Hand,Zombie Apocalypse,19,Plastic,Joke-shop latex. Still makes you jump when it bobs up.
Breathing VHS Tape,The New Flesh,18,Plastic,The tape breathes. Only slightly. Only when you aren't looking.
Beetle Typewriter,The New Flesh,20,Mixed,"Part typewriter, part insect. It types when nobody's there."
Telepod Hatch,The New Flesh,22,Metal,A curved hatch from some chamber. A single fly buzzes inside.
Gristle Pistol,The New Flesh,21,Hazardous,Squelchy. Warm. Put it down. Put it down.
Fleshy Game Pod,The New Flesh,19,Hazardous,"A game console that plugs into you. Politely, you decline."
Paper Crown,Party Favours,18,Mixed,"From a cracker, pulled by two people. Somebody got the joke too."
Spent Party Popper,Party Favours,16,Plastic,Streamers still tangled inside. It went off for somebody.
Friendship Bracelet,Party Favours,20,Mixed,Woven in two colours. The knot was tied by someone else.
Shared Thermos,Party Favours,18,Metal,Two cups screwed on top. Still faintly smells of cocoa.
Waterlogged Group Photo,Party Favours,22,Mixed,"Everyone's squinting into the sun, arms round each other."
Embroidered Pennant,Guild Keepsakes,24,Mixed,"A little triangle of cloth, stitched with a crest nobody remembers."
Guild Signet Ring,Guild Keepsakes,26,Metal,Pressed into wax on a hundred letters between friends.
Oar With Two Names,Guild Keepsakes,22,Wood,Two names carved into the grip. Somebody always rowed together.
Soggy Guild Charter,Guild Keepsakes,24,Mixed,"Signed at the bottom by everyone. The ink ran, the promise didn't."
Meeting-Hall Lantern,Guild Keepsakes,28,Metal,It hung over the long table where the stories got told.
