Name,Rarity,Value bonus on display
Potted Fern,Common,+0.5%
Potted Poppy,Common,+0.5%
Brass Lantern,Common,+0.5%
Painted Vase,Common,+0.5%
Candle Cluster,Common,+0.5%
Old Bookshelf,Common,+0.5%
Potted Azalea,Uncommon,+1%
Amethyst Geode,Uncommon,+1%
Glowing Float,Uncommon,+1%
Record Player,Uncommon,+1%
Honey Hive,Uncommon,+1%
Pirate Skull,Rare,+2.5%
Mystery Chest,Rare,+2.5%
Scholar's Desk,Rare,+2.5%
Ship's Lodestone,Rare,+2.5%
Crystal Rod,Rare,+2.5%
Sea Dragon Head,Epic,+5%
Heart of the Sea Shrine,Epic,+5%
Lighthouse Lamp,Epic,+5%
Glowing Anchor,Epic,+5%
