Name,Set,Weight,Base coins,Depths,Description
Mackerel,Seaside Holiday,2,5,Shallows to Reef Depth,Tiger-striped and quick. The classic pier catch.
Flounder,Seaside Holiday,2,6,Shallows to The Deep,"Flat as a pancake, both eyes on one side, unbothered."
Sand Eel,Seaside Holiday,1,4,Shallows to The Abyss,A silver sliver that buries itself in sandcastles.
Sea Bass,Harbour History,3,7,Shallows to Reef Depth,Silver-sided and proud. The harbour's old favourite.
Pollock,Harbour History,3,6,Shallows to The Deep,"Greenish, sturdy, found around every old pier post."
Ling,Harbour History,4,8,Shallows to The Abyss,"Long and bronze, fond of shipwrecks and old moorings."
Jewel Goby,Lost Jewellery,1,6,Shallows to Reef Depth,Speckled like a scattered brooch. Tiny and sparkly.
Silver Bream,Lost Jewellery,2,7,Shallows to The Deep,"Polished silver scales, like a coin with fins."
Pearlside,Lost Jewellery,1,8,Shallows to The Abyss,"A row of glowing dots down its belly, like a string of pearls."
Blowfish,Childhood Treasures,1,4,Shallows to Reef Depth,"Puffs up when startled. Deflates, embarrassed."
Tiddler,Childhood Treasures,1,4,Shallows to The Deep,The sort of fish you caught in a jam jar as a kid.
Stickleback,Childhood Treasures,1,5,Shallows to The Abyss,Three little spines on its back and a lot of attitude.
Tin-Can Blenny,Trash Treasures,1,5,Shallows to Reef Depth,Lives in an old soda can and will not be evicted.
Bin-Lid Plaice,Trash Treasures,3,6,Reef Depth to The Deep,"Flat, round and dented. Suspiciously the size of a bin lid."
Wrapper Wrasse,Trash Treasures,2,7,The Deep to The Abyss,Its scales crinkle like a crisp packet.
Candy-Stripe Wrasse,Sweet Shop,2,5,Shallows to Reef Depth,"Pink and white stripes, like a stick of seaside rock."
Rock Candy Rockfish,Sweet Shop,2,6,Reef Depth to The Deep,"Crystalline scales. Do not lick. (Tempting, though.)"
Toffee Grouper,Sweet Shop,3,7,The Deep to The Abyss,"Buttery gold and very, very chewy-looking."
Kipper,Full Breakfast,2,5,Shallows to Reef Depth,A herring with breakfast ambitions.
Haddock,Full Breakfast,3,6,Reef Depth to The Deep,A dark thumbprint on each side. Perfect with a poached egg.
Sunny-Side Sunfish,Full Breakfast,2,7,The Deep to The Abyss,"Round, white, with one yellow spot in the middle. Hmm."
Button Pufferling,Cute Things,1,5,Shallows to Reef Depth,"The size of a shirt button. Puffs up, still tiny."
Blushing Clownfish,Cute Things,1,6,Reef Depth to The Deep,Pink-cheeked and shy. Hides behind your thumb.
Snuggle Sole,Cute Things,2,7,The Deep to The Abyss,"Soft, flat and tries to curl up in your palm."
Brook Trout,Cottagecore,2,5,Shallows to Reef Depth,"Speckled with red and gold, like a wildflower meadow."
Meadow Char,Cottagecore,3,6,Reef Depth to The Deep,Somehow smells faintly of cut grass.
Primrose Perch,Cottagecore,2,7,The Deep to The Abyss,"Pale yellow stripes, soft as petals."
Sardine,Seaside Barbecue,1,5,Shallows to Reef Depth,"Small, silver and destined for the grill."
Grill-Mark Snapper,Seaside Barbecue,3,7,Reef Depth to The Deep,Born with dark stripes that look exactly like grill marks.
Spicy Red Mullet,Seaside Barbecue,2,6,The Deep to The Abyss,"Bright red and, somehow, warm to the touch."
Piranha,Amazon River,2,6,Shallows to Reef Depth,"All teeth, no manners. Keep fingers well back."
Arapaima,Amazon River,5,7,Reef Depth to The Deep,"Huge, armoured and older-looking than the river."
Neon Tetra,Amazon River,1,5,The Deep to The Abyss,A flicker of electric blue and red. Blink and it's gone.
Prize Goldfish,Carnival,1,5,Shallows to Reef Depth,Won at a ring toss. Escaped at the first chance.
Juggler Jack,Carnival,2,6,Reef Depth to The Deep,Leaps in threes. Never drops a bubble.
Candy-Floss Angelfish,Carnival,2,7,The Deep to The Abyss,Pink fins so wispy they look spun from sugar.
Dial-Up Eel,90's Tech,2,6,Shallows to Reef Depth,Screeches and bongs for a full minute before it connects.
Pixel Tetra,90's Tech,1,5,Reef Depth to The Deep,"Moves in jerky little steps, eight frames a second."
Floppy Flatfish,90's Tech,2,7,The Deep to The Abyss,"Square-ish, black, holds exactly 1.44 megabytes of fish."
Boxfish,Blocky Bits,2,6,Shallows to Reef Depth,"A real fish, genuinely box-shaped. It fits right in."
Square Cod,Blocky Bits,2,5,Reef Depth to The Deep,Every edge is a perfect right angle. Unsettlingly tidy.
Voxel Salmon,Blocky Bits,3,7,The Deep to The Abyss,Built from tiny cubes. You can almost see the grid.
Flying Fish,Superheroes,1,6,Shallows to Reef Depth,Glides on outstretched fins. Clearly thinks it's a hero.
Mighty Marlin,Superheroes,5,7,Reef Depth to The Deep,"Sword-nosed, chiselled and flexing slightly."
Sidekick Sprat,Superheroes,1,5,The Deep to The Abyss,"Small, eager, always two fins behind the Marlin."
Cheshire Catfish,Wonderwater,2,6,Shallows to Reef Depth,Grins. Fades. The grin stays a moment longer.
Looking-Glass Carp,Wonderwater,3,6,Reef Depth to The Deep,Swims backwards through its own reflection.
Queen of Hearts Koi,Wonderwater,3,6,The Deep to The Abyss,"Red and white, and very keen on beheadings."
Mithril Minnow,High Fantasy,1,6,Shallows to Reef Depth,"Light as a feather, bright as starlight, harder than steel."
Dragonet,High Fantasy,2,6,Reef Depth to The Deep,A real fish with sail-like fins. Its ancestors had bigger plans.
Elven Salmon,High Fantasy,3,7,The Deep to The Abyss,"Long, graceful and faintly disapproving of your technique."
Dice Snapper,Tabletop,2,5,Shallows to Reef Depth,Twenty facets on its scales. Rolls when it swims.
Goblin Shark,Tabletop,4,7,Reef Depth to The Deep,A real deep-sea shark with a very goblin face.
Mimic Fish,Tabletop,2,6,The Deep to The Abyss,Looks like an ordinary cod. It is not an ordinary cod.
Brass Barracuda,Steampunk,3,7,Shallows to Reef Depth,"Riveted fins, a ticking sound from somewhere inside."
Cogfish,Steampunk,2,6,Reef Depth to The Deep,A round fish with gear-toothed fins that mesh when it turns.
Steam Eel,Steampunk,2,6,The Deep to The Abyss,Whistles faintly and leaves a trail of warm bubbles.
Moody Blackfish,Film Noir,2,5,Shallows to Reef Depth,Never looks directly at you. Has seen too much.
Femme Fatale Lionfish,Film Noir,2,7,Reef Depth to The Deep,"Gorgeous, striped, venomous. Trouble with fins."
Gumshoe Grouper,Film Noir,3,6,The Deep to The Abyss,Always seems to be following some other fish.
Neon Lanternfish,Cyberpunk,1,6,Shallows to Reef Depth,A real deep-sea fish. This one glows hot pink and cyan.
Chrome Pike,Cyberpunk,3,7,Reef Depth to The Deep,Mirror-bright scales. Probably at least half machine.
Glitch Guppy,Cyberpunk,1,5,The Deep to The Abyss,Flickers between two places at once. Try not to stare.
Moonfish,Hedge Witch,4,7,Shallows to Reef Depth,"Round, silvery and at its best under a full moon."
Hagfish,Hedge Witch,2,5,Reef Depth to The Deep,"A real fish, and a slimy one. The witches swear by it."
Newt-Tailed Loach,Hedge Witch,1,6,The Deep to The Abyss,"An essential ingredient, apparently. It disagrees."
Rotting Rattail,Zombie Apocalypse,2,6,Shallows to Reef Depth,"A real deep-sea fish, looking about as alive as it feels."
Undead Eel,Zombie Apocalypse,3,6,Reef Depth to The Deep,Still wriggles. Should not still wriggle.
Zombie Carp,Zombie Apocalypse,3,6,The Deep to The Abyss,"Grey, slow, and gumming at your bait with great determination."
Vampire Fish,Vampire's Keep,3,6,Shallows to Reef Depth,"A real river fish with two very long, very sharp fangs."
Bloodfin Tetra,Vampire's Keep,1,5,Reef Depth to The Deep,"Silver body, crimson fins, strictly nocturnal."
Nightcrawler Gar,Vampire's Keep,4,6,The Deep to The Abyss,Needle-toothed and only ever caught after dark.
Cursed Anglerfish,Dark Fantasy,3,6,Shallows to Reef Depth,Its lure glows a sickly green. Don't follow the light.
Shadow Pike,Dark Fantasy,4,6,Reef Depth to The Deep,"Darker than the water around it, somehow."
Bone Eel,Dark Fantasy,2,6,The Deep to The Abyss,"All skeleton, no eel. Still swims, though."
Coelacanth,The Deep Ones,4,6,Shallows to Reef Depth,A real fish thought extinct for 66 million years. It wasn't.
Many-Eyed Barreleye,The Deep Ones,1,6,Reef Depth to The Deep,A real fish with a see-through head. This one has more eyes.
Fangtooth,The Deep Ones,2,6,The Deep to The Abyss,A real deep-sea fish with the biggest teeth for its size.
Blobfish,The New Flesh,3,6,Shallows to Reef Depth,A real fish. Out of the deep it melts into a sad pink blob.
Fused Twin Eel,The New Flesh,3,6,Reef Depth to The Deep,"Two eels, one body, and a lot of disagreement."
Mutant Mudskipper,The New Flesh,2,6,The Deep to The Abyss,Walks on its fins. Some of them look like fingers.
Oarfish,Giants & Monsters,5,6,Shallows to Reef Depth,"A real fish, longer than a bus. Probably behind every sea serpent story."
Leviathan Fry,Giants & Monsters,4,6,Reef Depth to The Deep,A baby. Already the size of a rowing boat.
Megamouth,Giants & Monsters,5,6,The Deep to The Abyss,"A real, rarely seen shark. Mostly mouth, very polite."
